locale,region,day,hour,average_orders
Urban,Midwest,Monday,0,3
Urban,Midwest,Monday,1,3
Urban,Midwest,Monday,2,4
Urban,Midwest,Monday,3,2
Urban,Midwest,Monday,4,13
Urban,Midwest,Monday,5,17
Urban,Midwest,Monday,6,76
Urban,Midwest,Monday,7,92
Urban,Midwest,Monday,8,73
Urban,Midwest,Monday,9,61
Urban,Midwest,Monday,10,50
Urban,Midwest,Monday,11,71
Urban,Midwest,Monday,12,71
Urban,Midwest,Monday,13,55
Urban,Midwest,Monday,14,34
Urban,Midwest,Monday,15,44
Urban,Midwest,Monday,16,71
Urban,Midwest,Monday,17,66
Urban,Midwest,Monday,18,41
Urban,Midwest,Monday,19,29
Urban,Midwest,Monday,20,21
Urban,Midwest,Monday,21,11
Urban,Midwest,Monday,22,11
Urban,Midwest,Monday,23,5
Urban,Midwest,Tuesday,0,5
Urban,Midwest,Tuesday,1,2
Urban,Midwest,Tuesday,2,4
Urban,Midwest,Tuesday,3,4
Urban,Midwest,Tuesday,4,6
Urban,Midwest,Tuesday,5,16
Urban,Midwest,Tuesday,6,71
Urban,Midwest,Tuesday,7,94
Urban,Midwest,Tuesday,8,71
Urban,Midwest,Tuesday,9,61
Urban,Midwest,Tuesday,10,46
Urban,Midwest,Tuesday,11,65
Urban,Midwest,Tuesday,12,74
Urban,Midwest,Tuesday,13,62
Urban,Midwest,Tuesday,14,44
Urban,Midwest,Tuesday,15,74
Urban,Midwest,Tuesday,16,86
Urban,Midwest,Tuesday,17,54
Urban,Midwest,Tuesday,18,40
Urban,Midwest,Tuesday,19,16
Urban,Midwest,Tuesday,20,16
Urban,Midwest,Tuesday,21,7
Urban,Midwest,Tuesday,22,8
Urban,Midwest,Tuesday,23,5
Urban,Midwest,Wednesday,0,5
Urban,Midwest,Wednesday,1,2
Urban,Midwest,Wednesday,2,2
Urban,Midwest,Wednesday,3,7
Urban,Midwest,Wednesday,4,7
Urban,Midwest,Wednesday,5,24
Urban,Midwest,Wednesday,6,77
Urban,Midwest,Wednesday,7,94
Urban,Midwest,Wednesday,8,62
Urban,Midwest,Wednesday,9,54
Urban,Midwest,Wednesday,10,43
Urban,Midwest,Wednesday,11,66
Urban,Midwest,Wednesday,12,76
Urban,Midwest,Wednesday,13,52
Urban,Midwest,Wednesday,14,44
Urban,Midwest,Wednesday,15,48
Urban,Midwest,Wednesday,16,46
Urban,Midwest,Wednesday,17,59
Urban,Midwest,Wednesday,18,35
Urban,Midwest,Wednesday,19,28
Urban,Midwest,Wednesday,20,16
Urban,Midwest,Wednesday,21,14
Urban,Midwest,Wednesday,22,10
Urban,Midwest,Wednesday,23,6
Urban,Midwest,Thursday,0,1
Urban,Midwest,Thursday,1,2
Urban,Midwest,Thursday,2,7
Urban,Midwest,Thursday,3,2
Urban,Midwest,Thursday,4,1
Urban,Midwest,Thursday,5,24
Urban,Midwest,Thursday,6,59
Urban,Midwest,Thursday,7,104
Urban,Midwest,Thursday,8,86
Urban,Midwest,Thursday,9,48
Urban,Midwest,Thursday,10,45
Urban,Midwest,Thursday,11,53
Urban,Midwest,Thursday,12,67
Urban,Midwest,Thursday,13,56
Urban,Midwest,Thursday,14,47
Urban,Midwest,Thursday,15,58
Urban,Midwest,Thursday,16,57
Urban,Midwest,Thursday,17,55
Urban,Midwest,Thursday,18,39
Urban,Midwest,Thursday,19,25
Urban,Midwest,Thursday,20,20
Urban,Midwest,Thursday,21,17
Urban,Midwest,Thursday,22,8
Urban,Midwest,Thursday,23,2
Urban,Midwest,Friday,0,7
Urban,Midwest,Friday,1,1
Urban,Midwest,Friday,2,4
Urban,Midwest,Friday,3,5
Urban,Midwest,Friday,4,8
Urban,Midwest,Friday,5,14
Urban,Midwest,Friday,6,71
Urban,Midwest,Friday,7,104
Urban,Midwest,Friday,8,64
Urban,Midwest,Friday,9,60
Urban,Midwest,Friday,10,34
Urban,Midwest,Friday,11,83
Urban,Midwest,Friday,12,73
Urban,Midwest,Friday,13,53
Urban,Midwest,Friday,14,56
Urban,Midwest,Friday,15,40
Urban,Midwest,Friday,16,67
Urban,Midwest,Friday,17,52
Urban,Midwest,Friday,18,43
Urban,Midwest,Friday,19,26
Urban,Midwest,Friday,20,20
Urban,Midwest,Friday,21,15
Urban,Midwest,Friday,22,8
Urban,Midwest,Friday,23,3
Urban,Midwest,Saturday,0,4
Urban,Midwest,Saturday,1,3
Urban,Midwest,Saturday,2,4
Urban,Midwest,Saturday,3,1
Urban,Midwest,Saturday,4,9
Urban,Midwest,Saturday,5,17
Urban,Midwest,Saturday,6,70
Urban,Midwest,Saturday,7,96
Urban,Midwest,Saturday,8,79
Urban,Midwest,Saturday,9,50
Urban,Midwest,Saturday,10,37
Urban,Midwest,Saturday,11,64
Urban,Midwest,Saturday,12,66
Urban,Midwest,Saturday,13,59
Urban,Midwest,Saturday,14,51
Urban,Midwest,Saturday,15,53
Urban,Midwest,Saturday,16,65
Urban,Midwest,Saturday,17,56
Urban,Midwest,Saturday,18,38
Urban,Midwest,Saturday,19,19
Urban,Midwest,Saturday,20,15
Urban,Midwest,Saturday,21,9
Urban,Midwest,Saturday,22,5
Urban,Midwest,Saturday,23,4
Urban,Midwest,Sunday,0,9
Urban,Midwest,Sunday,1,2
Urban,Midwest,Sunday,2,7
Urban,Midwest,Sunday,3,4
Urban,Midwest,Sunday,4,9
Urban,Midwest,Sunday,5,20
Urban,Midwest,Sunday,6,73
Urban,Midwest,Sunday,7,86
Urban,Midwest,Sunday,8,62
Urban,Midwest,Sunday,9,40
Urban,Midwest,Sunday,10,32
Urban,Midwest,Sunday,11,72
Urban,Midwest,Sunday,12,85
Urban,Midwest,Sunday,13,62
Urban,Midwest,Sunday,14,43
Urban,Midwest,Sunday,15,55
Urban,Midwest,Sunday,16,59
Urban,Midwest,Sunday,17,49
Urban,Midwest,Sunday,18,29
Urban,Midwest,Sunday,19,26
Urban,Midwest,Sunday,20,17
Urban,Midwest,Sunday,21,13
Urban,Midwest,Sunday,22,6
Urban,Midwest,Sunday,23,3
Suburban,Midwest,Monday,0,3
Suburban,Midwest,Monday,1,6
Suburban,Midwest,Monday,2,6
Suburban,Midwest,Monday,3,3
Suburban,Midwest,Monday,4,10
Suburban,Midwest,Monday,5,19
Suburban,Midwest,Monday,6,85
Suburban,Midwest,Monday,7,101
Suburban,Midwest,Monday,8,88
Suburban,Midwest,Monday,9,57
Suburban,Midwest,Monday,10,47
Suburban,Midwest,Monday,11,77
Suburban,Midwest,Monday,12,92
Suburban,Midwest,Monday,13,60
Suburban,Midwest,Monday,14,51
Suburban,Midwest,Monday,15,38
Suburban,Midwest,Monday,16,78
Suburban,Midwest,Monday,17,66
Suburban,Midwest,Monday,18,41
Suburban,Midwest,Monday,19,29
Suburban,Midwest,Monday,20,17
Suburban,Midwest,Monday,21,11
Suburban,Midwest,Monday,22,9
Suburban,Midwest,Monday,23,4
Suburban,Midwest,Tuesday,0,3
Suburban,Midwest,Tuesday,1,1
Suburban,Midwest,Tuesday,2,4
Suburban,Midwest,Tuesday,3,6
Suburban,Midwest,Tuesday,4,14
Suburban,Midwest,Tuesday,5,21
Suburban,Midwest,Tuesday,6,82
Suburban,Midwest,Tuesday,7,106
Suburban,Midwest,Tuesday,8,112
Suburban,Midwest,Tuesday,9,73
Suburban,Midwest,Tuesday,10,55
Suburban,Midwest,Tuesday,11,81
Suburban,Midwest,Tuesday,12,84
Suburban,Midwest,Tuesday,13,52
Suburban,Midwest,Tuesday,14,53
Suburban,Midwest,Tuesday,15,60
Suburban,Midwest,Tuesday,16,60
Suburban,Midwest,Tuesday,17,56
Suburban,Midwest,Tuesday,18,45
Suburban,Midwest,Tuesday,19,30
Suburban,Midwest,Tuesday,20,15
Suburban,Midwest,Tuesday,21,15
Suburban,Midwest,Tuesday,22,11
Suburban,Midwest,Tuesday,23,2
Suburban,Midwest,Wednesday,0,3
Suburban,Midwest,Wednesday,1,1
Suburban,Midwest,Wednesday,2,2
Suburban,Midwest,Wednesday,3,0
Suburban,Midwest,Wednesday,4,4
Suburban,Midwest,Wednesday,5,13
Suburban,Midwest,Wednesday,6,76
Suburban,Midwest,Wednesday,7,93
Suburban,Midwest,Wednesday,8,83
Suburban,Midwest,Wednesday,9,72
Suburban,Midwest,Wednesday,10,40
Suburban,Midwest,Wednesday,11,78
Suburban,Midwest,Wednesday,12,83
Suburban,Midwest,Wednesday,13,60
Suburban,Midwest,Wednesday,14,45
Suburban,Midwest,Wednesday,15,58
Suburban,Midwest,Wednesday,16,80
Suburban,Midwest,Wednesday,17,66
Suburban,Midwest,Wednesday,18,24
Suburban,Midwest,Wednesday,19,42
Suburban,Midwest,Wednesday,20,21
Suburban,Midwest,Wednesday,21,14
Suburban,Midwest,Wednesday,22,9
Suburban,Midwest,Wednesday,23,7
Suburban,Midwest,Thursday,0,3
Suburban,Midwest,Thursday,1,4
Suburban,Midwest,Thursday,2,5
Suburban,Midwest,Thursday,3,2
Suburban,Midwest,Thursday,4,8
Suburban,Midwest,Thursday,5,12
Suburban,Midwest,Thursday,6,82
Suburban,Midwest,Thursday,7,100
Suburban,Midwest,Thursday,8,82
Suburban,Midwest,Thursday,9,63
Suburban,Midwest,Thursday,10,56
Suburban,Midwest,Thursday,11,87
Suburban,Midwest,Thursday,12,76
Suburban,Midwest,Thursday,13,62
Suburban,Midwest,Thursday,14,41
Suburban,Midwest,Thursday,15,56
Suburban,Midwest,Thursday,16,64
Suburban,Midwest,Thursday,17,47
Suburban,Midwest,Thursday,18,36
Suburban,Midwest,Thursday,19,20
Suburban,Midwest,Thursday,20,33
Suburban,Midwest,Thursday,21,12
Suburban,Midwest,Thursday,22,5
Suburban,Midwest,Thursday,23,6
Suburban,Midwest,Friday,0,1
Suburban,Midwest,Friday,1,11
Suburban,Midwest,Friday,2,3
Suburban,Midwest,Friday,3,4
Suburban,Midwest,Friday,4,8
Suburban,Midwest,Friday,5,24
Suburban,Midwest,Friday,6,70
Suburban,Midwest,Friday,7,98
Suburban,Midwest,Friday,8,89
Suburban,Midwest,Friday,9,54
Suburban,Midwest,Friday,10,31
Suburban,Midwest,Friday,11,72
Suburban,Midwest,Friday,12,72
Suburban,Midwest,Friday,13,65
Suburban,Midwest,Friday,14,55
Suburban,Midwest,Friday,15,69
Suburban,Midwest,Friday,16,71
Suburban,Midwest,Friday,17,62
Suburban,Midwest,Friday,18,36
Suburban,Midwest,Friday,19,29
Suburban,Midwest,Friday,20,20
Suburban,Midwest,Friday,21,11
Suburban,Midwest,Friday,22,3
Suburban,Midwest,Friday,23,4
Suburban,Midwest,Saturday,0,4
Suburban,Midwest,Saturday,1,9
Suburban,Midwest,Saturday,2,2
Suburban,Midwest,Saturday,3,1
Suburban,Midwest,Saturday,4,7
Suburban,Midwest,Saturday,5,23
Suburban,Midwest,Saturday,6,79
Suburban,Midwest,Saturday,7,114
Suburban,Midwest,Saturday,8,84
Suburban,Midwest,Saturday,9,70
Suburban,Midwest,Saturday,10,43
Suburban,Midwest,Saturday,11,74
Suburban,Midwest,Saturday,12,90
Suburban,Midwest,Saturday,13,64
Suburban,Midwest,Saturday,14,38
Suburban,Midwest,Saturday,15,59
Suburban,Midwest,Saturday,16,67
Suburban,Midwest,Saturday,17,65
Suburban,Midwest,Saturday,18,41
Suburban,Midwest,Saturday,19,27
Suburban,Midwest,Saturday,20,17
Suburban,Midwest,Saturday,21,12
Suburban,Midwest,Saturday,22,7
Suburban,Midwest,Saturday,23,5
Suburban,Midwest,Sunday,0,2
Suburban,Midwest,Sunday,1,3
Suburban,Midwest,Sunday,2,5
Suburban,Midwest,Sunday,3,3
Suburban,Midwest,Sunday,4,5
Suburban,Midwest,Sunday,5,19
Suburban,Midwest,Sunday,6,72
Suburban,Midwest,Sunday,7,99
Suburban,Midwest,Sunday,8,89
Suburban,Midwest,Sunday,9,68
Suburban,Midwest,Sunday,10,50
Suburban,Midwest,Sunday,11,83
Suburban,Midwest,Sunday,12,72
Suburban,Midwest,Sunday,13,62
Suburban,Midwest,Sunday,14,48
Suburban,Midwest,Sunday,15,48
Suburban,Midwest,Sunday,16,83
Suburban,Midwest,Sunday,17,70
Suburban,Midwest,Sunday,18,31
Suburban,Midwest,Sunday,19,36
Suburban,Midwest,Sunday,20,19
Suburban,Midwest,Sunday,21,14
Suburban,Midwest,Sunday,22,6
Suburban,Midwest,Sunday,23,2
Urban,Northeast,Monday,0,5
Urban,Northeast,Monday,1,2
Urban,Northeast,Monday,2,4
Urban,Northeast,Monday,3,6
Urban,Northeast,Monday,4,6
Urban,Northeast,Monday,5,18
Urban,Northeast,Monday,6,96
Urban,Northeast,Monday,7,124
Urban,Northeast,Monday,8,77
Urban,Northeast,Monday,9,68
Urban,Northeast,Monday,10,45
Urban,Northeast,Monday,11,77
Urban,Northeast,Monday,12,104
Urban,Northeast,Monday,13,73
Urban,Northeast,Monday,14,48
Urban,Northeast,Monday,15,53
Urban,Northeast,Monday,16,94
Urban,Northeast,Monday,17,50
Urban,Northeast,Monday,18,39
Urban,Northeast,Monday,19,37
Urban,Northeast,Monday,20,25
Urban,Northeast,Monday,21,15
Urban,Northeast,Monday,22,7
Urban,Northeast,Monday,23,3
Urban,Northeast,Tuesday,0,5
Urban,Northeast,Tuesday,1,5
Urban,Northeast,Tuesday,2,4
Urban,Northeast,Tuesday,3,1
Urban,Northeast,Tuesday,4,10
Urban,Northeast,Tuesday,5,24
Urban,Northeast,Tuesday,6,83
Urban,Northeast,Tuesday,7,90
Urban,Northeast,Tuesday,8,84
Urban,Northeast,Tuesday,9,66
Urban,Northeast,Tuesday,10,51
Urban,Northeast,Tuesday,11,91
Urban,Northeast,Tuesday,12,89
Urban,Northeast,Tuesday,13,57
Urban,Northeast,Tuesday,14,49
Urban,Northeast,Tuesday,15,60
Urban,Northeast,Tuesday,16,64
Urban,Northeast,Tuesday,17,67
Urban,Northeast,Tuesday,18,44
Urban,Northeast,Tuesday,19,35
Urban,Northeast,Tuesday,20,28
Urban,Northeast,Tuesday,21,13
Urban,Northeast,Tuesday,22,10
Urban,Northeast,Tuesday,23,3
Urban,Northeast,Wednesday,0,4
Urban,Northeast,Wednesday,1,4
Urban,Northeast,Wednesday,2,3
Urban,Northeast,Wednesday,3,2
Urban,Northeast,Wednesday,4,8
Urban,Northeast,Wednesday,5,27
Urban,Northeast,Wednesday,6,65
Urban,Northeast,Wednesday,7,100
Urban,Northeast,Wednesday,8,77
Urban,Northeast,Wednesday,9,74
Urban,Northeast,Wednesday,10,42
Urban,Northeast,Wednesday,11,87
Urban,Northeast,Wednesday,12,87
Urban,Northeast,Wednesday,13,56
Urban,Northeast,Wednesday,14,48
Urban,Northeast,Wednesday,15,61
Urban,Northeast,Wednesday,16,79
Urban,Northeast,Wednesday,17,63
Urban,Northeast,Wednesday,18,45
Urban,Northeast,Wednesday,19,24
Urban,Northeast,Wednesday,20,24
Urban,Northeast,Wednesday,21,15
Urban,Northeast,Wednesday,22,4
Urban,Northeast,Wednesday,23,2
Urban,Northeast,Thursday,0,4
Urban,Northeast,Thursday,1,3
Urban,Northeast,Thursday,2,5
Urban,Northeast,Thursday,3,3
Urban,Northeast,Thursday,4,7
Urban,Northeast,Thursday,5,21
Urban,Northeast,Thursday,6,78
Urban,Northeast,Thursday,7,108
Urban,Northeast,Thursday,8,88
Urban,Northeast,Thursday,9,68
Urban,Northeast,Thursday,10,42
Urban,Northeast,Thursday,11,79
Urban,Northeast,Thursday,12,93
Urban,Northeast,Thursday,13,67
Urban,Northeast,Thursday,14,54
Urban,Northeast,Thursday,15,58
Urban,Northeast,Thursday,16,73
Urban,Northeast,Thursday,17,60
Urban,Northeast,Thursday,18,48
Urban,Northeast,Thursday,19,38
Urban,Northeast,Thursday,20,13
Urban,Northeast,Thursday,21,21
Urban,Northeast,Thursday,22,9
Urban,Northeast,Thursday,23,3
Urban,Northeast,Friday,0,6
Urban,Northeast,Friday,1,2
Urban,Northeast,Friday,2,6
Urban,Northeast,Friday,3,5
Urban,Northeast,Friday,4,11
Urban,Northeast,Friday,5,22
Urban,Northeast,Friday,6,84
Urban,Northeast,Friday,7,104
Urban,Northeast,Friday,8,111
Urban,Northeast,Friday,9,70
Urban,Northeast,Friday,10,61
Urban,Northeast,Friday,11,63
Urban,Northeast,Friday,12,81
Urban,Northeast,Friday,13,60
Urban,Northeast,Friday,14,55
Urban,Northeast,Friday,15,73
Urban,Northeast,Friday,16,84
Urban,Northeast,Friday,17,64
Urban,Northeast,Friday,18,38
Urban,Northeast,Friday,19,32
Urban,Northeast,Friday,20,11
Urban,Northeast,Friday,21,10
Urban,Northeast,Friday,22,3
Urban,Northeast,Friday,23,6
Urban,Northeast,Saturday,0,5
Urban,Northeast,Saturday,1,2
Urban,Northeast,Saturday,2,4
Urban,Northeast,Saturday,3,10
Urban,Northeast,Saturday,4,9
Urban,Northeast,Saturday,5,22
Urban,Northeast,Saturday,6,101
Urban,Northeast,Saturday,7,120
Urban,Northeast,Saturday,8,86
Urban,Northeast,Saturday,9,68
Urban,Northeast,Saturday,10,39
Urban,Northeast,Saturday,11,66
Urban,Northeast,Saturday,12,82
Urban,Northeast,Saturday,13,65
Urban,Northeast,Saturday,14,51
Urban,Northeast,Saturday,15,65
Urban,Northeast,Saturday,16,91
Urban,Northeast,Saturday,17,56
Urban,Northeast,Saturday,18,43
Urban,Northeast,Saturday,19,31
Urban,Northeast,Saturday,20,20
Urban,Northeast,Saturday,21,9
Urban,Northeast,Saturday,22,7
Urban,Northeast,Saturday,23,8
Urban,Northeast,Sunday,0,7
Urban,Northeast,Sunday,1,5
Urban,Northeast,Sunday,2,7
Urban,Northeast,Sunday,3,4
Urban,Northeast,Sunday,4,10
Urban,Northeast,Sunday,5,20
Urban,Northeast,Sunday,6,75
Urban,Northeast,Sunday,7,102
Urban,Northeast,Sunday,8,101
Urban,Northeast,Sunday,9,67
Urban,Northeast,Sunday,10,55
Urban,Northeast,Sunday,11,80
Urban,Northeast,Sunday,12,91
Urban,Northeast,Sunday,13,71
Urban,Northeast,Sunday,14,63
Urban,Northeast,Sunday,15,70
Urban,Northeast,Sunday,16,77
Urban,Northeast,Sunday,17,77
Urban,Northeast,Sunday,18,41
Urban,Northeast,Sunday,19,30
Urban,Northeast,Sunday,20,27
Urban,Northeast,Sunday,21,12
Urban,Northeast,Sunday,22,9
Urban,Northeast,Sunday,23,7
Suburban,Northeast,Monday,0,2
Suburban,Northeast,Monday,1,3
Suburban,Northeast,Monday,2,4
Suburban,Northeast,Monday,3,6
Suburban,Northeast,Monday,4,9
Suburban,Northeast,Monday,5,21
Suburban,Northeast,Monday,6,77
Suburban,Northeast,Monday,7,78
Suburban,Northeast,Monday,8,77
Suburban,Northeast,Monday,9,58
Suburban,Northeast,Monday,10,43
Suburban,Northeast,Monday,11,74
Suburban,Northeast,Monday,12,65
Suburban,Northeast,Monday,13,33
Suburban,Northeast,Monday,14,43
Suburban,Northeast,Monday,15,46
Suburban,Northeast,Monday,16,64
Suburban,Northeast,Monday,17,51
Suburban,Northeast,Monday,18,35
Suburban,Northeast,Monday,19,37
Suburban,Northeast,Monday,20,9
Suburban,Northeast,Monday,21,7
Suburban,Northeast,Monday,22,11
Suburban,Northeast,Monday,23,7
Suburban,Northeast,Tuesday,0,5
Suburban,Northeast,Tuesday,1,3
Suburban,Northeast,Tuesday,2,3
Suburban,Northeast,Tuesday,3,1
Suburban,Northeast,Tuesday,4,5
Suburban,Northeast,Tuesday,5,15
Suburban,Northeast,Tuesday,6,60
Suburban,Northeast,Tuesday,7,99
Suburban,Northeast,Tuesday,8,59
Suburban,Northeast,Tuesday,9,58
Suburban,Northeast,Tuesday,10,47
Suburban,Northeast,Tuesday,11,62
Suburban,Northeast,Tuesday,12,55
Suburban,Northeast,Tuesday,13,66
Suburban,Northeast,Tuesday,14,39
Suburban,Northeast,Tuesday,15,49
Suburban,Northeast,Tuesday,16,52
Suburban,Northeast,Tuesday,17,57
Suburban,Northeast,Tuesday,18,35
Suburban,Northeast,Tuesday,19,33
Suburban,Northeast,Tuesday,20,15
Suburban,Northeast,Tuesday,21,11
Suburban,Northeast,Tuesday,22,7
Suburban,Northeast,Tuesday,23,5
Suburban,Northeast,Wednesday,0,2
Suburban,Northeast,Wednesday,1,2
Suburban,Northeast,Wednesday,2,6
Suburban,Northeast,Wednesday,3,7
Suburban,Northeast,Wednesday,4,9
Suburban,Northeast,Wednesday,5,21
Suburban,Northeast,Wednesday,6,68
Suburban,Northeast,Wednesday,7,66
Suburban,Northeast,Wednesday,8,59
Suburban,Northeast,Wednesday,9,46
Suburban,Northeast,Wednesday,10,40
Suburban,Northeast,Wednesday,11,56
Suburban,Northeast,Wednesday,12,67
Suburban,Northeast,Wednesday,13,51
Suburban,Northeast,Wednesday,14,50
Suburban,Northeast,Wednesday,15,59
Suburban,Northeast,Wednesday,16,69
Suburban,Northeast,Wednesday,17,52
Suburban,Northeast,Wednesday,18,24
Suburban,Northeast,Wednesday,19,27
Suburban,Northeast,Wednesday,20,13
Suburban,Northeast,Wednesday,21,6
Suburban,Northeast,Wednesday,22,9
Suburban,Northeast,Wednesday,23,2
Suburban,Northeast,Thursday,0,10
Suburban,Northeast,Thursday,1,2
Suburban,Northeast,Thursday,2,5
Suburban,Northeast,Thursday,3,4
Suburban,Northeast,Thursday,4,6
Suburban,Northeast,Thursday,5,17
Suburban,Northeast,Thursday,6,77
Suburban,Northeast,Thursday,7,90
Suburban,Northeast,Thursday,8,80
Suburban,Northeast,Thursday,9,47
Suburban,Northeast,Thursday,10,44
Suburban,Northeast,Thursday,11,67
Suburban,Northeast,Thursday,12,75
Suburban,Northeast,Thursday,13,49
Suburban,Northeast,Thursday,14,41
Suburban,Northeast,Thursday,15,48
Suburban,Northeast,Thursday,16,61
Suburban,Northeast,Thursday,17,51
Suburban,Northeast,Thursday,18,33
Suburban,Northeast,Thursday,19,32
Suburban,Northeast,Thursday,20,21
Suburban,Northeast,Thursday,21,9
Suburban,Northeast,Thursday,22,9
Suburban,Northeast,Thursday,23,3
Suburban,Northeast,Friday,0,2
Suburban,Northeast,Friday,1,2
Suburban,Northeast,Friday,2,1
Suburban,Northeast,Friday,3,5
Suburban,Northeast,Friday,4,7
Suburban,Northeast,Friday,5,25
Suburban,Northeast,Friday,6,84
Suburban,Northeast,Friday,7,86
Suburban,Northeast,Friday,8,57
Suburban,Northeast,Friday,9,56
Suburban,Northeast,Friday,10,39
Suburban,Northeast,Friday,11,49
Suburban,Northeast,Friday,12,64
Suburban,Northeast,Friday,13,38
Suburban,Northeast,Friday,14,43
Suburban,Northeast,Friday,15,51
Suburban,Northeast,Friday,16,61
Suburban,Northeast,Friday,17,49
Suburban,Northeast,Friday,18,37
Suburban,Northeast,Friday,19,25
Suburban,Northeast,Friday,20,16
Suburban,Northeast,Friday,21,11
Suburban,Northeast,Friday,22,10
Suburban,Northeast,Friday,23,3
Suburban,Northeast,Saturday,0,3
Suburban,Northeast,Saturday,1,4
Suburban,Northeast,Saturday,2,3
Suburban,Northeast,Saturday,3,5
Suburban,Northeast,Saturday,4,8
Suburban,Northeast,Saturday,5,15
Suburban,Northeast,Saturday,6,65
Suburban,Northeast,Saturday,7,89
Suburban,Northeast,Saturday,8,49
Suburban,Northeast,Saturday,9,55
Suburban,Northeast,Saturday,10,49
Suburban,Northeast,Saturday,11,48
Suburban,Northeast,Saturday,12,77
Suburban,Northeast,Saturday,13,48
Suburban,Northeast,Saturday,14,33
Suburban,Northeast,Saturday,15,50
Suburban,Northeast,Saturday,16,72
Suburban,Northeast,Saturday,17,48
Suburban,Northeast,Saturday,18,34
Suburban,Northeast,Saturday,19,13
Suburban,Northeast,Saturday,20,24
Suburban,Northeast,Saturday,21,15
Suburban,Northeast,Saturday,22,6
Suburban,Northeast,Saturday,23,2
Suburban,Northeast,Sunday,0,1
Suburban,Northeast,Sunday,1,7
Suburban,Northeast,Sunday,2,4
Suburban,Northeast,Sunday,3,1
Suburban,Northeast,Sunday,4,6
Suburban,Northeast,Sunday,5,24
Suburban,Northeast,Sunday,6,68
Suburban,Northeast,Sunday,7,84
Suburban,Northeast,Sunday,8,59
Suburban,Northeast,Sunday,9,45
Suburban,Northeast,Sunday,10,43
Suburban,Northeast,Sunday,11,51
Suburban,Northeast,Sunday,12,62
Suburban,Northeast,Sunday,13,60
Suburban,Northeast,Sunday,14,39
Suburban,Northeast,Sunday,15,59
Suburban,Northeast,Sunday,16,66
Suburban,Northeast,Sunday,17,54
Suburban,Northeast,Sunday,18,32
Suburban,Northeast,Sunday,19,29
Suburban,Northeast,Sunday,20,23
Suburban,Northeast,Sunday,21,16
Suburban,Northeast,Sunday,22,11
Suburban,Northeast,Sunday,23,5
Urban,Southeast,Monday,0,5
Urban,Southeast,Monday,1,8
Urban,Southeast,Monday,2,3
Urban,Southeast,Monday,3,4
Urban,Southeast,Monday,4,5
Urban,Southeast,Monday,5,20
Urban,Southeast,Monday,6,95
Urban,Southeast,Monday,7,91
Urban,Southeast,Monday,8,79
Urban,Southeast,Monday,9,75
Urban,Southeast,Monday,10,50
Urban,Southeast,Monday,11,76
Urban,Southeast,Monday,12,86
Urban,Southeast,Monday,13,62
Urban,Southeast,Monday,14,55
Urban,Southeast,Monday,15,63
Urban,Southeast,Monday,16,77
Urban,Southeast,Monday,17,68
Urban,Southeast,Monday,18,41
Urban,Southeast,Monday,19,34
Urban,Southeast,Monday,20,24
Urban,Southeast,Monday,21,11
Urban,Southeast,Monday,22,10
Urban,Southeast,Monday,23,6
Urban,Southeast,Tuesday,0,4
Urban,Southeast,Tuesday,1,4
Urban,Southeast,Tuesday,2,7
Urban,Southeast,Tuesday,3,5
Urban,Southeast,Tuesday,4,10
Urban,Southeast,Tuesday,5,20
Urban,Southeast,Tuesday,6,89
Urban,Southeast,Tuesday,7,113
Urban,Southeast,Tuesday,8,84
Urban,Southeast,Tuesday,9,55
Urban,Southeast,Tuesday,10,48
Urban,Southeast,Tuesday,11,66
Urban,Southeast,Tuesday,12,102
Urban,Southeast,Tuesday,13,62
Urban,Southeast,Tuesday,14,58
Urban,Southeast,Tuesday,15,74
Urban,Southeast,Tuesday,16,81
Urban,Southeast,Tuesday,17,57
Urban,Southeast,Tuesday,18,39
Urban,Southeast,Tuesday,19,34
Urban,Southeast,Tuesday,20,24
Urban,Southeast,Tuesday,21,12
Urban,Southeast,Tuesday,22,6
Urban,Southeast,Tuesday,23,3
Urban,Southeast,Wednesday,0,2
Urban,Southeast,Wednesday,1,3
Urban,Southeast,Wednesday,2,4
Urban,Southeast,Wednesday,3,5
Urban,Southeast,Wednesday,4,9
Urban,Southeast,Wednesday,5,18
Urban,Southeast,Wednesday,6,91
Urban,Southeast,Wednesday,7,102
Urban,Southeast,Wednesday,8,81
Urban,Southeast,Wednesday,9,58
Urban,Southeast,Wednesday,10,41
Urban,Southeast,Wednesday,11,74
Urban,Southeast,Wednesday,12,92
Urban,Southeast,Wednesday,13,66
Urban,Southeast,Wednesday,14,42
Urban,Southeast,Wednesday,15,59
Urban,Southeast,Wednesday,16,85
Urban,Southeast,Wednesday,17,76
Urban,Southeast,Wednesday,18,37
Urban,Southeast,Wednesday,19,28
Urban,Southeast,Wednesday,20,26
Urban,Southeast,Wednesday,21,17
Urban,Southeast,Wednesday,22,10
Urban,Southeast,Wednesday,23,6
Urban,Southeast,Thursday,0,3
Urban,Southeast,Thursday,1,4
Urban,Southeast,Thursday,2,3
Urban,Southeast,Thursday,3,5
Urban,Southeast,Thursday,4,6
Urban,Southeast,Thursday,5,21
Urban,Southeast,Thursday,6,88
Urban,Southeast,Thursday,7,123
Urban,Southeast,Thursday,8,79
Urban,Southeast,Thursday,9,62
Urban,Southeast,Thursday,10,49
Urban,Southeast,Thursday,11,83
Urban,Southeast,Thursday,12,75
Urban,Southeast,Thursday,13,54
Urban,Southeast,Thursday,14,52
Urban,Southeast,Thursday,15,69
Urban,Southeast,Thursday,16,83
Urban,Southeast,Thursday,17,68
Urban,Southeast,Thursday,18,34
Urban,Southeast,Thursday,19,32
Urban,Southeast,Thursday,20,20
Urban,Southeast,Thursday,21,9
Urban,Southeast,Thursday,22,10
Urban,Southeast,Thursday,23,3
Urban,Southeast,Friday,0,7
Urban,Southeast,Friday,1,2
Urban,Southeast,Friday,2,7
Urban,Southeast,Friday,3,3
Urban,Southeast,Friday,4,13
Urban,Southeast,Friday,5,18
Urban,Southeast,Friday,6,96
Urban,Southeast,Friday,7,104
Urban,Southeast,Friday,8,89
Urban,Southeast,Friday,9,54
Urban,Southeast,Friday,10,44
Urban,Southeast,Friday,11,89
Urban,Southeast,Friday,12,83
Urban,Southeast,Friday,13,58
Urban,Southeast,Friday,14,49
Urban,Southeast,Friday,15,69
Urban,Southeast,Friday,16,81
Urban,Southeast,Friday,17,58
Urban,Southeast,Friday,18,39
Urban,Southeast,Friday,19,26
Urban,Southeast,Friday,20,23
Urban,Southeast,Friday,21,12
Urban,Southeast,Friday,22,10
Urban,Southeast,Friday,23,6
Urban,Southeast,Saturday,0,7
Urban,Southeast,Saturday,1,6
Urban,Southeast,Saturday,2,4
Urban,Southeast,Saturday,3,7
Urban,Southeast,Saturday,4,10
Urban,Southeast,Saturday,5,26
Urban,Southeast,Saturday,6,96
Urban,Southeast,Saturday,7,101
Urban,Southeast,Saturday,8,77
Urban,Southeast,Saturday,9,67
Urban,Southeast,Saturday,10,59
Urban,Southeast,Saturday,11,71
Urban,Southeast,Saturday,12,84
Urban,Southeast,Saturday,13,73
Urban,Southeast,Saturday,14,45
Urban,Southeast,Saturday,15,76
Urban,Southeast,Saturday,16,83
Urban,Southeast,Saturday,17,76
Urban,Southeast,Saturday,18,53
Urban,Southeast,Saturday,19,39
Urban,Southeast,Saturday,20,24
Urban,Southeast,Saturday,21,15
Urban,Southeast,Saturday,22,6
Urban,Southeast,Saturday,23,4
Urban,Southeast,Sunday,0,3
Urban,Southeast,Sunday,1,3
Urban,Southeast,Sunday,2,2
Urban,Southeast,Sunday,3,6
Urban,Southeast,Sunday,4,10
Urban,Southeast,Sunday,5,27
Urban,Southeast,Sunday,6,77
Urban,Southeast,Sunday,7,107
Urban,Southeast,Sunday,8,86
Urban,Southeast,Sunday,9,66
Urban,Southeast,Sunday,10,35
Urban,Southeast,Sunday,11,80
Urban,Southeast,Sunday,12,84
Urban,Southeast,Sunday,13,59
Urban,Southeast,Sunday,14,54
Urban,Southeast,Sunday,15,51
Urban,Southeast,Sunday,16,71
Urban,Southeast,Sunday,17,58
Urban,Southeast,Sunday,18,38
Urban,Southeast,Sunday,19,34
Urban,Southeast,Sunday,20,16
Urban,Southeast,Sunday,21,7
Urban,Southeast,Sunday,22,11
Urban,Southeast,Sunday,23,4
Suburban,Southeast,Monday,0,2
Suburban,Southeast,Monday,1,3
Suburban,Southeast,Monday,2,4
Suburban,Southeast,Monday,3,1
Suburban,Southeast,Monday,4,4
Suburban,Southeast,Monday,5,14
Suburban,Southeast,Monday,6,78
Suburban,Southeast,Monday,7,104
Suburban,Southeast,Monday,8,66
Suburban,Southeast,Monday,9,42
Suburban,Southeast,Monday,10,50
Suburban,Southeast,Monday,11,67
Suburban,Southeast,Monday,12,75
Suburban,Southeast,Monday,13,48
Suburban,Southeast,Monday,14,46
Suburban,Southeast,Monday,15,54
Suburban,Southeast,Monday,16,68
Suburban,Southeast,Monday,17,54
Suburban,Southeast,Monday,18,37
Suburban,Southeast,Monday,19,28
Suburban,Southeast,Monday,20,19
Suburban,Southeast,Monday,21,8
Suburban,Southeast,Monday,22,10
Suburban,Southeast,Monday,23,11
Suburban,Southeast,Tuesday,0,5
Suburban,Southeast,Tuesday,1,7
Suburban,Southeast,Tuesday,2,1
Suburban,Southeast,Tuesday,3,3
Suburban,Southeast,Tuesday,4,11
Suburban,Southeast,Tuesday,5,23
Suburban,Southeast,Tuesday,6,77
Suburban,Southeast,Tuesday,7,99
Suburban,Southeast,Tuesday,8,74
Suburban,Southeast,Tuesday,9,71
Suburban,Southeast,Tuesday,10,38
Suburban,Southeast,Tuesday,11,60
Suburban,Southeast,Tuesday,12,60
Suburban,Southeast,Tuesday,13,66
Suburban,Southeast,Tuesday,14,46
Suburban,Southeast,Tuesday,15,60
Suburban,Southeast,Tuesday,16,69
Suburban,Southeast,Tuesday,17,56
Suburban,Southeast,Tuesday,18,43
Suburban,Southeast,Tuesday,19,38
Suburban,Southeast,Tuesday,20,22
Suburban,Southeast,Tuesday,21,14
Suburban,Southeast,Tuesday,22,7
Suburban,Southeast,Tuesday,23,1
Suburban,Southeast,Wednesday,0,2
Suburban,Southeast,Wednesday,1,0
Suburban,Southeast,Wednesday,2,2
Suburban,Southeast,Wednesday,3,5
Suburban,Southeast,Wednesday,4,5
Suburban,Southeast,Wednesday,5,26
Suburban,Southeast,Wednesday,6,63
Suburban,Southeast,Wednesday,7,84
Suburban,Southeast,Wednesday,8,55
Suburban,Southeast,Wednesday,9,53
Suburban,Southeast,Wednesday,10,43
Suburban,Southeast,Wednesday,11,59
Suburban,Southeast,Wednesday,12,83
Suburban,Southeast,Wednesday,13,44
Suburban,Southeast,Wednesday,14,46
Suburban,Southeast,Wednesday,15,71
Suburban,Southeast,Wednesday,16,77
Suburban,Southeast,Wednesday,17,67
Suburban,Southeast,Wednesday,18,41
Suburban,Southeast,Wednesday,19,22
Suburban,Southeast,Wednesday,20,19
Suburban,Southeast,Wednesday,21,15
Suburban,Southeast,Wednesday,22,4
Suburban,Southeast,Wednesday,23,3
Suburban,Southeast,Thursday,0,4
Suburban,Southeast,Thursday,1,1
Suburban,Southeast,Thursday,2,4
Suburban,Southeast,Thursday,3,5
Suburban,Southeast,Thursday,4,8
Suburban,Southeast,Thursday,5,17
Suburban,Southeast,Thursday,6,84
Suburban,Southeast,Thursday,7,95
Suburban,Southeast,Thursday,8,70
Suburban,Southeast,Thursday,9,57
Suburban,Southeast,Thursday,10,45
Suburban,Southeast,Thursday,11,62
Suburban,Southeast,Thursday,12,84
Suburban,Southeast,Thursday,13,57
Suburban,Southeast,Thursday,14,51
Suburban,Southeast,Thursday,15,55
Suburban,Southeast,Thursday,16,65
Suburban,Southeast,Thursday,17,61
Suburban,Southeast,Thursday,18,33
Suburban,Southeast,Thursday,19,33
Suburban,Southeast,Thursday,20,17
Suburban,Southeast,Thursday,21,10
Suburban,Southeast,Thursday,22,7
Suburban,Southeast,Thursday,23,3
Suburban,Southeast,Friday,0,4
Suburban,Southeast,Friday,1,1
Suburban,Southeast,Friday,2,2
Suburban,Southeast,Friday,3,5
Suburban,Southeast,Friday,4,5
Suburban,Southeast,Friday,5,18
Suburban,Southeast,Friday,6,69
Suburban,Southeast,Friday,7,109
Suburban,Southeast,Friday,8,67
Suburban,Southeast,Friday,9,51
Suburban,Southeast,Friday,10,47
Suburban,Southeast,Friday,11,79
Suburban,Southeast,Friday,12,72
Suburban,Southeast,Friday,13,46
Suburban,Southeast,Friday,14,54
Suburban,Southeast,Friday,15,60
Suburban,Southeast,Friday,16,69
Suburban,Southeast,Friday,17,58
Suburban,Southeast,Friday,18,28
Suburban,Southeast,Friday,19,28
Suburban,Southeast,Friday,20,19
Suburban,Southeast,Friday,21,9
Suburban,Southeast,Friday,22,7
Suburban,Southeast,Friday,23,5
Suburban,Southeast,Saturday,0,5
Suburban,Southeast,Saturday,1,5
Suburban,Southeast,Saturday,2,4
Suburban,Southeast,Saturday,3,3
Suburban,Southeast,Saturday,4,7
Suburban,Southeast,Saturday,5,13
Suburban,Southeast,Saturday,6,67
Suburban,Southeast,Saturday,7,84
Suburban,Southeast,Saturday,8,78
Suburban,Southeast,Saturday,9,54
Suburban,Southeast,Saturday,10,41
Suburban,Southeast,Saturday,11,73
Suburban,Southeast,Saturday,12,59
Suburban,Southeast,Saturday,13,57
Suburban,Southeast,Saturday,14,44
Suburban,Southeast,Saturday,15,54
Suburban,Southeast,Saturday,16,74
Suburban,Southeast,Saturday,17,55
Suburban,Southeast,Saturday,18,42
Suburban,Southeast,Saturday,19,40
Suburban,Southeast,Saturday,20,23
Suburban,Southeast,Saturday,21,16
Suburban,Southeast,Saturday,22,5
Suburban,Southeast,Saturday,23,1
Suburban,Southeast,Sunday,0,3
Suburban,Southeast,Sunday,1,5
Suburban,Southeast,Sunday,2,4
Suburban,Southeast,Sunday,3,5
Suburban,Southeast,Sunday,4,10
Suburban,Southeast,Sunday,5,13
Suburban,Southeast,Sunday,6,76
Suburban,Southeast,Sunday,7,107
Suburban,Southeast,Sunday,8,82
Suburban,Southeast,Sunday,9,36
Suburban,Southeast,Sunday,10,37
Suburban,Southeast,Sunday,11,47
Suburban,Southeast,Sunday,12,73
Suburban,Southeast,Sunday,13,52
Suburban,Southeast,Sunday,14,40
Suburban,Southeast,Sunday,15,60
Suburban,Southeast,Sunday,16,70
Suburban,Southeast,Sunday,17,57
Suburban,Southeast,Sunday,18,43
Suburban,Southeast,Sunday,19,34
Suburban,Southeast,Sunday,20,18
Suburban,Southeast,Sunday,21,11
Suburban,Southeast,Sunday,22,8
Suburban,Southeast,Sunday,23,6
Urban,Southwest,Monday,0,3
Urban,Southwest,Monday,1,4
Urban,Southwest,Monday,2,3
Urban,Southwest,Monday,3,2
Urban,Southwest,Monday,4,7
Urban,Southwest,Monday,5,14
Urban,Southwest,Monday,6,69
Urban,Southwest,Monday,7,83
Urban,Southwest,Monday,8,80
Urban,Southwest,Monday,9,42
Urban,Southwest,Monday,10,34
Urban,Southwest,Monday,11,59
Urban,Southwest,Monday,12,57
Urban,Southwest,Monday,13,54
Urban,Southwest,Monday,14,31
Urban,Southwest,Monday,15,55
Urban,Southwest,Monday,16,59
Urban,Southwest,Monday,17,44
Urban,Southwest,Monday,18,27
Urban,Southwest,Monday,19,17
Urban,Southwest,Monday,20,16
Urban,Southwest,Monday,21,8
Urban,Southwest,Monday,22,5
Urban,Southwest,Monday,23,4
Urban,Southwest,Tuesday,0,4
Urban,Southwest,Tuesday,1,1
Urban,Southwest,Tuesday,2,1
Urban,Southwest,Tuesday,3,3
Urban,Southwest,Tuesday,4,5
Urban,Southwest,Tuesday,5,20
Urban,Southwest,Tuesday,6,68
Urban,Southwest,Tuesday,7,84
Urban,Southwest,Tuesday,8,58
Urban,Southwest,Tuesday,9,56
Urban,Southwest,Tuesday,10,37
Urban,Southwest,Tuesday,11,58
Urban,Southwest,Tuesday,12,64
Urban,Southwest,Tuesday,13,45
Urban,Southwest,Tuesday,14,34
Urban,Southwest,Tuesday,15,51
Urban,Southwest,Tuesday,16,53
Urban,Southwest,Tuesday,17,47
Urban,Southwest,Tuesday,18,29
Urban,Southwest,Tuesday,19,10
Urban,Southwest,Tuesday,20,14
Urban,Southwest,Tuesday,21,5
Urban,Southwest,Tuesday,22,6
Urban,Southwest,Tuesday,23,5
Urban,Southwest,Wednesday,0,4
Urban,Southwest,Wednesday,1,4
Urban,Southwest,Wednesday,2,3
Urban,Southwest,Wednesday,3,4
Urban,Southwest,Wednesday,4,4
Urban,Southwest,Wednesday,5,20
Urban,Southwest,Wednesday,6,65
Urban,Southwest,Wednesday,7,67
Urban,Southwest,Wednesday,8,57
Urban,Southwest,Wednesday,9,37
Urban,Southwest,Wednesday,10,47
Urban,Southwest,Wednesday,11,53
Urban,Southwest,Wednesday,12,79
Urban,Southwest,Wednesday,13,61
Urban,Southwest,Wednesday,14,38
Urban,Southwest,Wednesday,15,67
Urban,Southwest,Wednesday,16,56
Urban,Southwest,Wednesday,17,64
Urban,Southwest,Wednesday,18,27
Urban,Southwest,Wednesday,19,32
Urban,Southwest,Wednesday,20,9
Urban,Southwest,Wednesday,21,14
Urban,Southwest,Wednesday,22,9
Urban,Southwest,Wednesday,23,3
Urban,Southwest,Thursday,0,2
Urban,Southwest,Thursday,1,3
Urban,Southwest,Thursday,2,2
Urban,Southwest,Thursday,3,6
Urban,Southwest,Thursday,4,8
Urban,Southwest,Thursday,5,15
Urban,Southwest,Thursday,6,85
Urban,Southwest,Thursday,7,84
Urban,Southwest,Thursday,8,58
Urban,Southwest,Thursday,9,45
Urban,Southwest,Thursday,10,36
Urban,Southwest,Thursday,11,66
Urban,Southwest,Thursday,12,62
Urban,Southwest,Thursday,13,58
Urban,Southwest,Thursday,14,36
Urban,Southwest,Thursday,15,48
Urban,Southwest,Thursday,16,51
Urban,Southwest,Thursday,17,42
Urban,Southwest,Thursday,18,36
Urban,Southwest,Thursday,19,24
Urban,Southwest,Thursday,20,19
Urban,Southwest,Thursday,21,13
Urban,Southwest,Thursday,22,3
Urban,Southwest,Thursday,23,3
Urban,Southwest,Friday,0,1
Urban,Southwest,Friday,1,3
Urban,Southwest,Friday,2,1
Urban,Southwest,Friday,3,3
Urban,Southwest,Friday,4,6
Urban,Southwest,Friday,5,16
Urban,Southwest,Friday,6,65
Urban,Southwest,Friday,7,71
Urban,Southwest,Friday,8,49
Urban,Southwest,Friday,9,31
Urban,Southwest,Friday,10,30
Urban,Southwest,Friday,11,48
Urban,Southwest,Friday,12,55
Urban,Southwest,Friday,13,64
Urban,Southwest,Friday,14,42
Urban,Southwest,Friday,15,59
Urban,Southwest,Friday,16,50
Urban,Southwest,Friday,17,50
Urban,Southwest,Friday,18,36
Urban,Southwest,Friday,19,28
Urban,Southwest,Friday,20,14
Urban,Southwest,Friday,21,8
Urban,Southwest,Friday,22,5
Urban,Southwest,Friday,23,1
Urban,Southwest,Saturday,0,8
Urban,Southwest,Saturday,1,5
Urban,Southwest,Saturday,2,7
Urban,Southwest,Saturday,3,3
Urban,Southwest,Saturday,4,6
Urban,Southwest,Saturday,5,20
Urban,Southwest,Saturday,6,75
Urban,Southwest,Saturday,7,80
Urban,Southwest,Saturday,8,57
Urban,Southwest,Saturday,9,40
Urban,Southwest,Saturday,10,26
Urban,Southwest,Saturday,11,47
Urban,Southwest,Saturday,12,67
Urban,Southwest,Saturday,13,35
Urban,Southwest,Saturday,14,36
Urban,Southwest,Saturday,15,43
Urban,Southwest,Saturday,16,59
Urban,Southwest,Saturday,17,36
Urban,Southwest,Saturday,18,26
Urban,Southwest,Saturday,19,29
Urban,Southwest,Saturday,20,17
Urban,Southwest,Saturday,21,12
Urban,Southwest,Saturday,22,6
Urban,Southwest,Saturday,23,2
Urban,Southwest,Sunday,0,3
Urban,Southwest,Sunday,1,1
Urban,Southwest,Sunday,2,3
Urban,Southwest,Sunday,3,5
Urban,Southwest,Sunday,4,4
Urban,Southwest,Sunday,5,14
Urban,Southwest,Sunday,6,63
Urban,Southwest,Sunday,7,84
Urban,Southwest,Sunday,8,57
Urban,Southwest,Sunday,9,56
Urban,Southwest,Sunday,10,36
Urban,Southwest,Sunday,11,56
Urban,Southwest,Sunday,12,68
Urban,Southwest,Sunday,13,47
Urban,Southwest,Sunday,14,39
Urban,Southwest,Sunday,15,54
Urban,Southwest,Sunday,16,63
Urban,Southwest,Sunday,17,53
Urban,Southwest,Sunday,18,29
Urban,Southwest,Sunday,19,31
Urban,Southwest,Sunday,20,14
Urban,Southwest,Sunday,21,10
Urban,Southwest,Sunday,22,6
Urban,Southwest,Sunday,23,3
Suburban,Southwest,Monday,0,5
Suburban,Southwest,Monday,1,7
Suburban,Southwest,Monday,2,4
Suburban,Southwest,Monday,3,9
Suburban,Southwest,Monday,4,6
Suburban,Southwest,Monday,5,21
Suburban,Southwest,Monday,6,100
Suburban,Southwest,Monday,7,112
Suburban,Southwest,Monday,8,85
Suburban,Southwest,Monday,9,83
Suburban,Southwest,Monday,10,49
Suburban,Southwest,Monday,11,84
Suburban,Southwest,Monday,12,86
Suburban,Southwest,Monday,13,68
Suburban,Southwest,Monday,14,54
Suburban,Southwest,Monday,15,73
Suburban,Southwest,Monday,16,93
Suburban,Southwest,Monday,17,77
Suburban,Southwest,Monday,18,49
Suburban,Southwest,Monday,19,45
Suburban,Southwest,Monday,20,28
Suburban,Southwest,Monday,21,12
Suburban,Southwest,Monday,22,8
Suburban,Southwest,Monday,23,3
Suburban,Southwest,Tuesday,0,4
Suburban,Southwest,Tuesday,1,5
Suburban,Southwest,Tuesday,2,2
Suburban,Southwest,Tuesday,3,7
Suburban,Southwest,Tuesday,4,5
Suburban,Southwest,Tuesday,5,20
Suburban,Southwest,Tuesday,6,97
Suburban,Southwest,Tuesday,7,104
Suburban,Southwest,Tuesday,8,106
Suburban,Southwest,Tuesday,9,85
Suburban,Southwest,Tuesday,10,50
Suburban,Southwest,Tuesday,11,77
Suburban,Southwest,Tuesday,12,86
Suburban,Southwest,Tuesday,13,80
Suburban,Southwest,Tuesday,14,65
Suburban,Southwest,Tuesday,15,72
Suburban,Southwest,Tuesday,16,75
Suburban,Southwest,Tuesday,17,89
Suburban,Southwest,Tuesday,18,55
Suburban,Southwest,Tuesday,19,42
Suburban,Southwest,Tuesday,20,27
Suburban,Southwest,Tuesday,21,16
Suburban,Southwest,Tuesday,22,11
Suburban,Southwest,Tuesday,23,5
Suburban,Southwest,Wednesday,0,7
Suburban,Southwest,Wednesday,1,9
Suburban,Southwest,Wednesday,2,5
Suburban,Southwest,Wednesday,3,5
Suburban,Southwest,Wednesday,4,13
Suburban,Southwest,Wednesday,5,30
Suburban,Southwest,Wednesday,6,86
Suburban,Southwest,Wednesday,7,126
Suburban,Southwest,Wednesday,8,82
Suburban,Southwest,Wednesday,9,77
Suburban,Southwest,Wednesday,10,57
Suburban,Southwest,Wednesday,11,84
Suburban,Southwest,Wednesday,12,91
Suburban,Southwest,Wednesday,13,71
Suburban,Southwest,Wednesday,14,60
Suburban,Southwest,Wednesday,15,81
Suburban,Southwest,Wednesday,16,102
Suburban,Southwest,Wednesday,17,73
Suburban,Southwest,Wednesday,18,40
Suburban,Southwest,Wednesday,19,44
Suburban,Southwest,Wednesday,20,19
Suburban,Southwest,Wednesday,21,13
Suburban,Southwest,Wednesday,22,8
Suburban,Southwest,Wednesday,23,5
Suburban,Southwest,Thursday,0,4
Suburban,Southwest,Thursday,1,1
Suburban,Southwest,Thursday,2,9
Suburban,Southwest,Thursday,3,6
Suburban,Southwest,Thursday,4,16
Suburban,Southwest,Thursday,5,29
Suburban,Southwest,Thursday,6,88
Suburban,Southwest,Thursday,7,121
Suburban,Southwest,Thursday,8,88
Suburban,Southwest,Thursday,9,65
Suburban,Southwest,Thursday,10,64
Suburban,Southwest,Thursday,11,78
Suburban,Southwest,Thursday,12,91
Suburban,Southwest,Thursday,13,75
Suburban,Southwest,Thursday,14,50
Suburban,Southwest,Thursday,15,61
Suburban,Southwest,Thursday,16,96
Suburban,Southwest,Thursday,17,67
Suburban,Southwest,Thursday,18,45
Suburban,Southwest,Thursday,19,38
Suburban,Southwest,Thursday,20,25
Suburban,Southwest,Thursday,21,4
Suburban,Southwest,Thursday,22,5
Suburban,Southwest,Thursday,23,1
Suburban,Southwest,Friday,0,4
Suburban,Southwest,Friday,1,10
Suburban,Southwest,Friday,2,10
Suburban,Southwest,Friday,3,2
Suburban,Southwest,Friday,4,8
Suburban,Southwest,Friday,5,32
Suburban,Southwest,Friday,6,95
Suburban,Southwest,Friday,7,118
Suburban,Southwest,Friday,8,95
Suburban,Southwest,Friday,9,76
Suburban,Southwest,Friday,10,61
Suburban,Southwest,Friday,11,67
Suburban,Southwest,Friday,12,118
Suburban,Southwest,Friday,13,65
Suburban,Southwest,Friday,14,57
Suburban,Southwest,Friday,15,61
Suburban,Southwest,Friday,16,80
Suburban,Southwest,Friday,17,73
Suburban,Southwest,Friday,18,61
Suburban,Southwest,Friday,19,39
Suburban,Southwest,Friday,20,33
Suburban,Southwest,Friday,21,14
Suburban,Southwest,Friday,22,8
Suburban,Southwest,Friday,23,5
Suburban,Southwest,Saturday,0,4
Suburban,Southwest,Saturday,1,7
Suburban,Southwest,Saturday,2,2
Suburban,Southwest,Saturday,3,6
Suburban,Southwest,Saturday,4,15
Suburban,Southwest,Saturday,5,29
Suburban,Southwest,Saturday,6,104
Suburban,Southwest,Saturday,7,110
Suburban,Southwest,Saturday,8,90
Suburban,Southwest,Saturday,9,66
Suburban,Southwest,Saturday,10,43
Suburban,Southwest,Saturday,11,85
Suburban,Southwest,Saturday,12,95
Suburban,Southwest,Saturday,13,72
Suburban,Southwest,Saturday,14,54
Suburban,Southwest,Saturday,15,78
Suburban,Southwest,Saturday,16,109
Suburban,Southwest,Saturday,17,72
Suburban,Southwest,Saturday,18,56
Suburban,Southwest,Saturday,19,51
Suburban,Southwest,Saturday,20,27
Suburban,Southwest,Saturday,21,11
Suburban,Southwest,Saturday,22,7
Suburban,Southwest,Saturday,23,5
Suburban,Southwest,Sunday,0,5
Suburban,Southwest,Sunday,1,7
Suburban,Southwest,Sunday,2,3
Suburban,Southwest,Sunday,3,5
Suburban,Southwest,Sunday,4,13
Suburban,Southwest,Sunday,5,19
Suburban,Southwest,Sunday,6,90
Suburban,Southwest,Sunday,7,121
Suburban,Southwest,Sunday,8,85
Suburban,Southwest,Sunday,9,74
Suburban,Southwest,Sunday,10,49
Suburban,Southwest,Sunday,11,99
Suburban,Southwest,Sunday,12,95
Suburban,Southwest,Sunday,13,69
Suburban,Southwest,Sunday,14,47
Suburban,Southwest,Sunday,15,84
Suburban,Southwest,Sunday,16,96
Suburban,Southwest,Sunday,17,78
Suburban,Southwest,Sunday,18,54
Suburban,Southwest,Sunday,19,26
Suburban,Southwest,Sunday,20,22
Suburban,Southwest,Sunday,21,10
Suburban,Southwest,Sunday,22,9
Suburban,Southwest,Sunday,23,4
Urban,West,Monday,0,4
Urban,West,Monday,1,2
Urban,West,Monday,2,2
Urban,West,Monday,3,5
Urban,West,Monday,4,9
Urban,West,Monday,5,16
Urban,West,Monday,6,72
Urban,West,Monday,7,87
Urban,West,Monday,8,68
Urban,West,Monday,9,53
Urban,West,Monday,10,48
Urban,West,Monday,11,66
Urban,West,Monday,12,73
Urban,West,Monday,13,50
Urban,West,Monday,14,33
Urban,West,Monday,15,62
Urban,West,Monday,16,57
Urban,West,Monday,17,57
Urban,West,Monday,18,51
Urban,West,Monday,19,28
Urban,West,Monday,20,19
Urban,West,Monday,21,13
Urban,West,Monday,22,3
Urban,West,Monday,23,4
Urban,West,Tuesday,0,3
Urban,West,Tuesday,1,5
Urban,West,Tuesday,2,3
Urban,West,Tuesday,3,3
Urban,West,Tuesday,4,10
Urban,West,Tuesday,5,17
Urban,West,Tuesday,6,79
Urban,West,Tuesday,7,84
Urban,West,Tuesday,8,62
Urban,West,Tuesday,9,62
Urban,West,Tuesday,10,37
Urban,West,Tuesday,11,53
Urban,West,Tuesday,12,72
Urban,West,Tuesday,13,64
Urban,West,Tuesday,14,38
Urban,West,Tuesday,15,44
Urban,West,Tuesday,16,76
Urban,West,Tuesday,17,61
Urban,West,Tuesday,18,32
Urban,West,Tuesday,19,25
Urban,West,Tuesday,20,20
Urban,West,Tuesday,21,12
Urban,West,Tuesday,22,6
Urban,West,Tuesday,23,7
Urban,West,Wednesday,0,4
Urban,West,Wednesday,1,6
Urban,West,Wednesday,2,5
Urban,West,Wednesday,3,3
Urban,West,Wednesday,4,8
Urban,West,Wednesday,5,20
Urban,West,Wednesday,6,79
Urban,West,Wednesday,7,92
Urban,West,Wednesday,8,72
Urban,West,Wednesday,9,52
Urban,West,Wednesday,10,51
Urban,West,Wednesday,11,75
Urban,West,Wednesday,12,77
Urban,West,Wednesday,13,62
Urban,West,Wednesday,14,39
Urban,West,Wednesday,15,57
Urban,West,Wednesday,16,55
Urban,West,Wednesday,17,65
Urban,West,Wednesday,18,40
Urban,West,Wednesday,19,31
Urban,West,Wednesday,20,18
Urban,West,Wednesday,21,7
Urban,West,Wednesday,22,6
Urban,West,Wednesday,23,1
Urban,West,Thursday,0,6
Urban,West,Thursday,1,4
Urban,West,Thursday,2,6
Urban,West,Thursday,3,4
Urban,West,Thursday,4,6
Urban,West,Thursday,5,14
Urban,West,Thursday,6,60
Urban,West,Thursday,7,82
Urban,West,Thursday,8,76
Urban,West,Thursday,9,46
Urban,West,Thursday,10,33
Urban,West,Thursday,11,58
Urban,West,Thursday,12,81
Urban,West,Thursday,13,42
Urban,West,Thursday,14,52
Urban,West,Thursday,15,69
Urban,West,Thursday,16,73
Urban,West,Thursday,17,52
Urban,West,Thursday,18,34
Urban,West,Thursday,19,29
Urban,West,Thursday,20,18
Urban,West,Thursday,21,9
Urban,West,Thursday,22,5
Urban,West,Thursday,23,2
Urban,West,Friday,0,1
Urban,West,Friday,1,5
Urban,West,Friday,2,1
Urban,West,Friday,3,6
Urban,West,Friday,4,7
Urban,West,Friday,5,20
Urban,West,Friday,6,74
Urban,West,Friday,7,76
Urban,West,Friday,8,73
Urban,West,Friday,9,55
Urban,West,Friday,10,42
Urban,West,Friday,11,67
Urban,West,Friday,12,86
Urban,West,Friday,13,51
Urban,West,Friday,14,46
Urban,West,Friday,15,57
Urban,West,Friday,16,74
Urban,West,Friday,17,58
Urban,West,Friday,18,45
Urban,West,Friday,19,36
Urban,West,Friday,20,14
Urban,West,Friday,21,13
Urban,West,Friday,22,10
Urban,West,Friday,23,2
Urban,West,Saturday,0,5
Urban,West,Saturday,1,1
Urban,West,Saturday,2,4
Urban,West,Saturday,3,2
Urban,West,Saturday,4,10
Urban,West,Saturday,5,18
Urban,West,Saturday,6,64
Urban,West,Saturday,7,94
Urban,West,Saturday,8,66
Urban,West,Saturday,9,45
Urban,West,Saturday,10,37
Urban,West,Saturday,11,63
Urban,West,Saturday,12,90
Urban,West,Saturday,13,58
Urban,West,Saturday,14,53
Urban,West,Saturday,15,46
Urban,West,Saturday,16,72
Urban,West,Saturday,17,49
Urban,West,Saturday,18,38
Urban,West,Saturday,19,37
Urban,West,Saturday,20,13
Urban,West,Saturday,21,6
Urban,West,Saturday,22,2
Urban,West,Saturday,23,7
Urban,West,Sunday,0,7
Urban,West,Sunday,1,5
Urban,West,Sunday,2,0
Urban,West,Sunday,3,3
Urban,West,Sunday,4,7
Urban,West,Sunday,5,12
Urban,West,Sunday,6,70
Urban,West,Sunday,7,69
Urban,West,Sunday,8,62
Urban,West,Sunday,9,59
Urban,West,Sunday,10,41
Urban,West,Sunday,11,67
Urban,West,Sunday,12,74
Urban,West,Sunday,13,51
Urban,West,Sunday,14,47
Urban,West,Sunday,15,48
Urban,West,Sunday,16,55
Urban,West,Sunday,17,59
Urban,West,Sunday,18,39
Urban,West,Sunday,19,24
Urban,West,Sunday,20,22
Urban,West,Sunday,21,19
Urban,West,Sunday,22,3
Urban,West,Sunday,23,2
Suburban,West,Monday,0,9
Suburban,West,Monday,1,8
Suburban,West,Monday,2,7
Suburban,West,Monday,3,1
Suburban,West,Monday,4,11
Suburban,West,Monday,5,25
Suburban,West,Monday,6,84
Suburban,West,Monday,7,124
Suburban,West,Monday,8,97
Suburban,West,Monday,9,90
Suburban,West,Monday,10,64
Suburban,West,Monday,11,82
Suburban,West,Monday,12,94
Suburban,West,Monday,13,77
Suburban,West,Monday,14,59
Suburban,West,Monday,15,78
Suburban,West,Monday,16,87
Suburban,West,Monday,17,77
Suburban,West,Monday,18,53
Suburban,West,Monday,19,35
Suburban,West,Monday,20,13
Suburban,West,Monday,21,15
Suburban,West,Monday,22,9
Suburban,West,Monday,23,1
Suburban,West,Tuesday,0,8
Suburban,West,Tuesday,1,7
Suburban,West,Tuesday,2,7
Suburban,West,Tuesday,3,3
Suburban,West,Tuesday,4,8
Suburban,West,Tuesday,5,31
Suburban,West,Tuesday,6,99
Suburban,West,Tuesday,7,119
Suburban,West,Tuesday,8,97
Suburban,West,Tuesday,9,69
Suburban,West,Tuesday,10,66
Suburban,West,Tuesday,11,84
Suburban,West,Tuesday,12,85
Suburban,West,Tuesday,13,70
Suburban,West,Tuesday,14,49
Suburban,West,Tuesday,15,91
Suburban,West,Tuesday,16,76
Suburban,West,Tuesday,17,65
Suburban,West,Tuesday,18,52
Suburban,West,Tuesday,19,40
Suburban,West,Tuesday,20,25
Suburban,West,Tuesday,21,18
Suburban,West,Tuesday,22,11
Suburban,West,Tuesday,23,4
Suburban,West,Wednesday,0,3
Suburban,West,Wednesday,1,2
Suburban,West,Wednesday,2,5
Suburban,West,Wednesday,3,7
Suburban,West,Wednesday,4,8
Suburban,West,Wednesday,5,24
Suburban,West,Wednesday,6,101
Suburban,West,Wednesday,7,120
Suburban,West,Wednesday,8,97
Suburban,West,Wednesday,9,86
Suburban,West,Wednesday,10,56
Suburban,West,Wednesday,11,86
Suburban,West,Wednesday,12,95
Suburban,West,Wednesday,13,77
Suburban,West,Wednesday,14,50
Suburban,West,Wednesday,15,78
Suburban,West,Wednesday,16,77
Suburban,West,Wednesday,17,68
Suburban,West,Wednesday,18,54
Suburban,West,Wednesday,19,37
Suburban,West,Wednesday,20,29
Suburban,West,Wednesday,21,15
Suburban,West,Wednesday,22,10
Suburban,West,Wednesday,23,7
Suburban,West,Thursday,0,4
Suburban,West,Thursday,1,2
Suburban,West,Thursday,2,3
Suburban,West,Thursday,3,6
Suburban,West,Thursday,4,6
Suburban,West,Thursday,5,19
Suburban,West,Thursday,6,98
Suburban,West,Thursday,7,115
Suburban,West,Thursday,8,103
Suburban,West,Thursday,9,77
Suburban,West,Thursday,10,54
Suburban,West,Thursday,11,85
Suburban,West,Thursday,12,77
Suburban,West,Thursday,13,69
Suburban,West,Thursday,14,54
Suburban,West,Thursday,15,75
Suburban,West,Thursday,16,75
Suburban,West,Thursday,17,79
Suburban,West,Thursday,18,58
Suburban,West,Thursday,19,45
Suburban,West,Thursday,20,27
Suburban,West,Thursday,21,10
Suburban,West,Thursday,22,9
Suburban,West,Thursday,23,5
Suburban,West,Friday,0,3
Suburban,West,Friday,1,2
Suburban,West,Friday,2,5
Suburban,West,Friday,3,6
Suburban,West,Friday,4,11
Suburban,West,Friday,5,18
Suburban,West,Friday,6,95
Suburban,West,Friday,7,123
Suburban,West,Friday,8,93
Suburban,West,Friday,9,63
Suburban,West,Friday,10,74
Suburban,West,Friday,11,79
Suburban,West,Friday,12,70
Suburban,West,Friday,13,71
Suburban,West,Friday,14,64
Suburban,West,Friday,15,67
Suburban,West,Friday,16,75
Suburban,West,Friday,17,69
Suburban,West,Friday,18,57
Suburban,West,Friday,19,46
Suburban,West,Friday,20,11
Suburban,West,Friday,21,15
Suburban,West,Friday,22,10
Suburban,West,Friday,23,6
Suburban,West,Saturday,0,3
Suburban,West,Saturday,1,4
Suburban,West,Saturday,2,6
Suburban,West,Saturday,3,5
Suburban,West,Saturday,4,9
Suburban,West,Saturday,5,23
Suburban,West,Saturday,6,96
Suburban,West,Saturday,7,118
Suburban,West,Saturday,8,89
Suburban,West,Saturday,9,70
Suburban,West,Saturday,10,70
Suburban,West,Saturday,11,81
Suburban,West,Saturday,12,92
Suburban,West,Saturday,13,80
Suburban,West,Saturday,14,63
Suburban,West,Saturday,15,81
Suburban,West,Saturday,16,93
Suburban,West,Saturday,17,99
Suburban,West,Saturday,18,56
Suburban,West,Saturday,19,36
Suburban,West,Saturday,20,24
Suburban,West,Saturday,21,10
Suburban,West,Saturday,22,17
Suburban,West,Saturday,23,4
Suburban,West,Sunday,0,1
Suburban,West,Sunday,1,3
Suburban,West,Sunday,2,5
Suburban,West,Sunday,3,4
Suburban,West,Sunday,4,8
Suburban,West,Sunday,5,23
Suburban,West,Sunday,6,117
Suburban,West,Sunday,7,108
Suburban,West,Sunday,8,103
Suburban,West,Sunday,9,75
Suburban,West,Sunday,10,55
Suburban,West,Sunday,11,86
Suburban,West,Sunday,12,88
Suburban,West,Sunday,13,65
Suburban,West,Sunday,14,75
Suburban,West,Sunday,15,70
Suburban,West,Sunday,16,95
Suburban,West,Sunday,17,75
Suburban,West,Sunday,18,54
Suburban,West,Sunday,19,39
Suburban,West,Sunday,20,35
Suburban,West,Sunday,21,11
Suburban,West,Sunday,22,11
Suburban,West,Sunday,23,2
